{
  "width": 8490,
  "height": 5082,
  "tl_lat": 42.14155644114584,
  "tl_lon": -97.71037989069603,
  "tr_lat": 42.14155644114584,
  "tr_lon": -97.6192974440341,
  "bl_lat": 42.10111308259549,
  "bl_lon": -97.71037989069603
}